{
  "eye": {
    "orientation": [
      0.22819113731384277,
      -0.8113086223602295,
      0.17213208973407745,
      0.5099781155586243
    ],
    "magnitude": 0.5773502588272095,
    "position": [
      -317.4285888671875,
      -254.5828094482422,
      -220.90647888183594
    ]
  },
  "radius": 600,
  "type": "PERSPECTIVE"
}