{
  "eye": {
    "orientation": [
      0.2672189474105835,
      -0.39907386898994446,
      -0.0041086855344474316,
      0.8771073222160339
    ],
    "magnitude": 0.5773502588272095,
    "position": [
      -843.239990234375,
      -556.6209106445312,
      647.3984375
    ]
  },
  "radius": 600,
  "type": "PERSPECTIVE"
}