{
  "eye": {
    "orientation": [
      -0.26263517141342163,
      0.33443689346313477,
      -0.20884518325328827,
      0.880657970905304
    ],
    "magnitude": 0.5773502588272095,
    "position": [
      912.1451416015625,
      384.3233642578125,
      831.6318969726562
    ]
  },
  "radius": 600,
  "type": "PERSPECTIVE"
}