{
  "eye": {
    "orientation": [
      -0.13556388020515442,
      -0.5770637392997742,
      0.06121489778161049,
      0.8030396103858948
    ],
    "magnitude": 0.3333333432674408,
    "position": [
      -173.183349609375,
      1.124746322631836,
      32.445106506347656
    ]
  },
  "radius": 100,
  "type": "ORTHOGRAPHIC"
}