{
  "eye": {
    "orientation": [
      0.9998780488967896,
      0,
      0,
      0.015618501231074333
    ],
    "magnitude": 1,
    "position": [
      0,
      -13.849202156066895,
      -443.1899719238281
    ]
  },
  "radius": 256,
  "type": "ORTHOGRAPHIC"
}