{
  "eye": {
    "orientation": [
      -0.1184157207608223,
      0.9619339108467102,
      0.23467370867729187,
      -0.07476063817739487
    ],
    "magnitude": 0.2857142686843872,
    "position": [
      -63.145591735839844,
      60.49063491821289,
      -152.9048614501953
    ]
  },
  "radius": 99.99999237060547,
  "type": "ORTHOGRAPHIC"
}